Country Name,Country Code,Jahr,GDP,GDP_per_Capita,Inflation,Population,Unemployment
Argentina,ARG,1976,51169499892.1722,1946.91990388248,,26282283.0,
Australia,AUS,1976,105209354855.787,7497.28175413577,13.3228840125392,14033000.0,
Brazil,BRA,1976,153168949208.207,1389.74952306555,,110213349.0,
Canada,CAN,1976,207271612576.065,8838.94710677652,7.54173862982148,23449808.0,
China,CHN,1976,154196810058.643,165.680987722637,,930685000.0,
France,FRA,1976,368363152144.223,6792.3099035538,9.62549578155529,54232383.0,
Germany,DEU,1976,521658712132.981,6659.16546576017,4.24663102299209,78336950.0,
India,IND,1976,102716451979.68,164.119999587322,-7.63394763392882,625861883.0,
Indonesia,IDN,1976,37269156626.506,275.713167824796,19.8286499927534,135173655.0,
Italy,ITA,1976,225235205861.828,4042.39482463789,16.6141664725788,55718260.0,
Japan,JPN,1976,598883902155.605,5310.43140904992,9.37403638606234,112775000.0,
"Korea, Rep.",KOR,1976,30371074380.1653,847.205737881176,15.3273205213194,35848523.0,
Mexico,MEX,1976,88875923765.072,1465.49877862474,15.824722489347,60645512.0,
Russian Federation,RUS,1976,,,,135147000.0,
Saudi Arabia,SAU,1976,64005665722.3796,13312.5119926546,31.5586605641125,4807933.0,
South Africa,ZAF,1976,41150460287.6151,1558.99824733487,11.0204105892452,26395450.0,
Turkiye,TUR,1976,51450000000.0,1227.92409658199,17.4556893891338,41899984.0,
United Kingdom,GBR,1976,232614555256.065,4138.16778761535,16.5595225588084,56211968.0,
United States,USA,1976,1873412000000.0,8592.25353727612,5.74481263549085,218035000.0,
Argentina,ARG,1977,56781000101.0848,2126.48546048047,,26701805.0,
Australia,AUS,1977,110504702913.512,7786.4080406928,12.3098201936376,14192000.0,
Brazil,BRA,1977,176344101401.941,1562.29143045708,,112875292.0,
Canada,CAN,1977,212325176304.654,8949.10989272982,7.9764453961457,23725843.0,
China,CHN,1977,175226595859.778,185.728620718294,,943455000.0,
France,FRA,1977,406401711687.617,7458.76424117602,9.49455467190434,54486467.0,
Germany,DEU,1977,602698323085.993,7711.10232025365,3.73416240635147,78159814.0,
India,IND,1977,121486641441.309,189.585568552477,8.30747009171166,640801103.0,
Indonesia,IDN,1977,45808915662.6506,330.670214101079,11.0520846464477,138533541.0,
Italy,ITA,1977,258190019749.835,4614.21004931651,17.13004878665,55955411.0,
Japan,JPN,1977,737069290927.712,6472.7877874079,8.16182689596842,113872000.0,
"Korea, Rep.",KOR,1977,39064462809.9174,1072.85188247153,10.0966653313387,36411795.0,
Mexico,MEX,1977,81912018783.5024,1314.62044481645,29.0641247103461,62308493.0,
Russian Federation,RUS,1977,,,,136100000.0,
Saudi Arabia,SAU,1977,74188986586.0629,14595.3739933329,11.3990111699532,5083048.0,
South Africa,ZAF,1977,45328411332.1028,1671.46618837272,11.15195783193,27118952.0,
Turkiye,TUR,1977,58683333333.3333,1371.96185651463,25.9853378650601,42773298.0,
United Kingdom,GBR,1977,263066457352.172,4681.43993173038,15.8402667458768,56193492.0,
United States,USA,1977,2081826000000.0,9452.57651914511,6.5016839947284,220239000.0,
Argentina,ARG,1978,89049453088.3282,3282.06304446289,,27132158.0,
Australia,AUS,1978,118660813779.849,8264.43890373653,8.0049261083744,14358000.0,
Brazil,BRA,1978,200278646123.581,1732.50012204556,,115600942.0,
Canada,CAN,1978,219369542386.254,9154.43325277735,8.97372335151214,23963203.0,
China,CHN,1978,149788617886.179,156.655616850835,,956165000.0,
France,FRA,1978,501724418604.651,9166.59011961391,9.2505584672443,54734030.0,
Germany,DEU,1978,743182891918.208,9516.78283228907,2.71869696123339,78091820.0,
India,IND,1978,137302319828.995,209.389063573463,2.5230487569518,655728229.0,
Indonesia,IDN,1978,51455719075.8254,362.483779779007,8.11259425677378,141953163.0,
Italy,ITA,1978,315784469541.41,5623.42917622719,12.0940138425074,56155143.0,
Japan,JPN,1978,1035611588216.59,9012.13603523182,4.20956601068681,114913000.0,
"Korea, Rep.",KOR,1978,52824793388.4297,1428.88714989064,14.4602850195024,36969185.0,
Mexico,MEX,1978,102648570299.117,1604.40920452482,17.4572925678265,63979046.0,
Russian Federation,RUS,1978,,,,137060000.0,
Saudi Arabia,SAU,1978,80266516686.5614,14914.1542686138,-1.58360185022086,5381902.0,
South Africa,ZAF,1978,51607412901.8532,1851.75191300848,11.1356088829565,27869507.0,
Turkiye,TUR,1978,65912500000.0,1510.18531064944,61.8970444383435,43645306.0,
United Kingdom,GBR,1978,335883029721.956,5976.93816899991,8.26314103860768,56196504.0,
United States,USA,1978,2351599000000.0,10564.9482220275,7.63096383885606,222585000.0,
Argentina,ARG,1979,69252328951.6441,2511.97332905958,,27568895.0,
Australia,AUS,1979,135093718050.665,9307.82127950011,9.12200684150515,14514000.0,
Brazil,BRA,1979,221338204480.222,1869.7133759549,,118380821.0,
Canada,CAN,1979,243891124295.715,10077.5026707269,9.14467697907181,24201544.0,
China,CHN,1979,178573913043.478,184.285853059043,,969005000.0,
France,FRA,1979,608218624730.188,11062.5731730373,10.6467341716664,54979851.0,
Germany,DEU,1979,884574218333.155,11322.3543443813,4.04362006473399,78126350.0,
India,IND,1979,152995442497.709,227.958179873426,6.27568336762335,671155747.0,
Indonesia,IDN,1979,51400186342.8889,353.424175826329,16.2327695334308,145434834.0,
Italy,ITA,1979,394584507107.9,7006.39699054556,14.7985735661484,56317749.0,
Japan,JPN,1979,1077910077676.37,9301.14831026293,3.70185092546269,115890000.0,
"Korea, Rep.",KOR,1979,68083884297.5207,1813.9142168105,18.3234963421791,37534236.0,
Mexico,MEX,1979,134531900898.926,2049.26468871816,18.1912462987643,65648865.0,
Russian Federation,RUS,1979,,,,138027000.0,
Saudi Arabia,SAU,1979,111858444786.224,19611.565126033,1.08156690288337,5703698.0,
South Africa,ZAF,1979,63038658088.9121,2201.51922339868,13.2936624628059,28634162.0,
Turkiye,TUR,1979,89616129032.2581,2013.37374286503,63.5431082506343,44510429.0,
United Kingdom,GBR,1979,438994070309.191,7804.76208051155,13.4212799774012,56246951.0,
United States,USA,1979,2627333000000.0,11674.1818666548,11.2544711292795,225055000.0,
Argentina,ARG,1980,76961923741.0701,2747.5022751674,,28011596.0,
Australia,AUS,1980,150200557103.064,10223.2886675105,10.1358411703239,14692000.0,
Brazil,BRA,1980,237393489892.637,1958.57159232662,,121207461.0,
Canada,CAN,1980,274776566028.053,11208.2027394178,10.1292205085453,24515667.0,
China,CHN,1980,191487500000.0,195.149479992051,,981235000.0,
France,FRA,1980,694529183483.39,12565.1639377144,13.5625788483016,55274184.0,
Germany,DEU,1980,953772499462.019,12182.7800196802,5.44105754460347,78288576.0,
India,IND,1980,186328579302.068,271.080945953678,11.3460734795095,687354025.0,
Indonesia,IDN,1980,72482337397.4439,486.620172021155,18.035422125313,148950540.0,
Italy,ITA,1980,478356755595.749,8476.41045000836,21.0641682770745,56433883.0,
Japan,JPN,1980,1129377244854.04,9668.74626395709,7.77858176555718,116807000.0,
"Korea, Rep.",KOR,1980,66547970350.6151,1745.57662116658,28.6976086362017,38123775.0,
Mexico,MEX,1980,205577055465.993,3054.62162291784,26.3516513562834,67300334.0,
Russian Federation,RUS,1980,,,,139010000.0,
Saudi Arabia,SAU,1980,164539660725.118,27205.6452285141,4.16926655363289,6047997.0,
South Africa,ZAF,1980,89411864402.4272,3028.97447561832,13.6602404681115,29518857.0,
Turkiye,TUR,1980,68823684210.5263,1515.64589850068,94.2608598807591,45408815.0,
United Kingdom,GBR,1980,564947710899.373,10032.062080015,17.9659242656857,56314216.0,
United States,USA,1980,2857307000000.0,12574.7915062163,13.5492019749684,227225000.0,
Argentina,ARG,1981,78676842366.5529,2764.08641421079,,28463959.0,
Australia,AUS,1981,177151979565.773,11870.8633077339,9.48766603415561,14923260.0,
Brazil,BRA,1981,258015174748.648,2079.70908377484,101.725072957927,124063109.0,
Canada,CAN,1981,307246642755.859,12379.0368643833,12.4716124148372,24819915.0,
China,CHN,1981,196218253968.254,197.425510967822,,993885000.0,
France,FRA,1981,609184791792.396,10955.9002996167,13.3144055680071,55603353.0,
Germany,DEU,1981,803404797057.551,10246.4767623188,6.34424277746325,78407907.0,
India,IND,1981,193491368445.573,274.964330768528,13.112546897642,703696250.0,
Indonesia,IDN,1981,85518233419.0479,560.830336032961,12.2659075874853,152485035.0,
Italy,ITA,1981,431695533980.583,7640.40241250516,17.9692987519672,56501675.0,
Japan,JPN,1981,1245221410764.15,10583.1278908402,4.91216291820523,117661000.0,
"Korea, Rep.",KOR,1981,74287368087.3467,1918.41779613494,21.351640254,38723248.0,
Mexico,MEX,1981,263797827860.494,3829.14437544129,27.9337625982399,68892108.0,
Russian Federation,RUS,1981,,,,139941000.0,
Saudi Arabia,SAU,1981,184291360138.69,28703.35585508,2.79898218829488,6420551.0,
South Africa,ZAF,1981,93141472163.7596,3049.71474333882,15.2542337674194,30541044.0,
Turkiye,TUR,1981,71180180180.1802,1536.66562064101,37.6147825797716,46321190.0,
United Kingdom,GBR,1981,540765675241.158,9599.30622221965,11.8766265142296,56333829.0,
United States,USA,1981,3207041000000.0,13976.10539252,10.3347153402771,229466000.0,
Argentina,ARG,1982,84307486836.724,2914.76708504176,,28924262.0,
Australia,AUS,1982,194323071830.52,12797.6758959809,11.3518197573657,15184247.0,
Brazil,BRA,1982,271314113768.417,2137.6250359394,100.54335919485,126923155.0,
Canada,CAN,1982,314647807408.608,12527.3135323802,10.7689718997139,25116942.0,
China,CHN,1982,205480916030.534,203.722788366928,,1008630000.0,
France,FRA,1982,578152310609.841,10359.8920663549,11.9784719523806,55806789.0,
Germany,DEU,1982,779421633755.138,9950.05926025365,5.24104507228422,78333366.0,
India,IND,1982,200715624830.902,278.65038258267,7.89074279377487,720313473.0,
Indonesia,IDN,1982,90158449294.9921,577.745632722784,9.44542534921144,156052152.0,
Italy,ITA,1982,428257421617.752,7573.93967597775,16.4804146202214,56543548.0,
Japan,JPN,1982,1158731426905.85,9779.97490636267,2.7410409556314,118480000.0,
"Korea, Rep.",KOR,1982,79921300446.6517,2032.25817758667,7.1908466400687,39326352.0,
Mexico,MEX,1982,184602611609.517,2620.95793392947,58.9134198531048,70433260.0,
Russian Federation,RUS,1982,,,,140823000.0,
Saudi Arabia,SAU,1982,153240313858.323,22454.4843169614,1.02103960396035,6824486.0,
South Africa,ZAF,1982,85904057409.3585,2717.16388710425,14.6390405853128,31615339.0,
Turkiye,TUR,1982,64369325153.3742,1360.23825219775,29.1375145022677,47322096.0,
United Kingdom,GBR,1982,515048916841.37,9146.07735701852,8.59886383332186,56313641.0,
United States,USA,1982,3343789000000.0,14433.787727053,6.13142700027493,231664000.0,
Argentina,ARG,1983,103979106777.911,3537.7473459832,,29391332.0,
Australia,AUS,1983,177523719680.081,11532.4028055582,10.0389105058366,15393472.0,
Brazil,BRA,1983,189656506321.431,1461.25582714178,135.027682230473,129790077.0,
Canada,CAN,1983,341866277182.733,13477.1031699599,5.86358802977368,25366451.0,
China,CHN,1983,231130268199.234,225.86534696156,,1023310000.0,
France,FRA,1983,553356312935.709,9862.28449386586,9.45954847235318,56108330.0,
Germany,DEU,1983,773507930294.906,9900.48559233526,3.29341474302854,78128282.0,
India,IND,1983,218262146413.158,295.999773299382,11.8680812986734,737372681.0,
Indonesia,IDN,1983,81052283383.7155,507.682945653414,11.7997382076652,159651381.0,
Italy,ITA,1983,444063496940.337,7850.62789042275,14.646576674877,56564074.0,
Japan,JPN,1983,1270859919742.9,10652.0147161768,1.89971971348485,119307000.0,
"Korea, Rep.",KOR,1983,89621208322.3386,2245.56009425258,3.42061419498921,39910403.0,
Mexico,MEX,1983,156167000432.994,2169.85285279223,101.874938435992,71971240.0,
Russian Federation,RUS,1983,,,,141668000.0,
Saudi Arabia,SAU,1983,129171635311.143,17809.5527471054,0.191424196019064,7252941.0,
South Africa,ZAF,1983,96204110941.5672,2938.48980239675,12.3032053006006,32739304.0,
Turkiye,TUR,1983,61803555555.5556,1275.68337617131,31.3902710198445,48447410.0,
United Kingdom,GBR,1983,489618008185.539,8691.51881306514,4.60930327269779,56332848.0,
United States,USA,1983,3634038000000.0,15543.8937174925,3.21243523316065,233792000.0,
Argentina,ARG,1984,116915052107.031,3915.03492645691,,29863093.0,
Australia,AUS,1984,193749932078.26,12436.2969052038,3.96039603960396,15579391.0,
Brazil,BRA,1984,188339974086.58,1419.73154606978,192.121733132051,132658864.0,
Canada,CAN,1984,356718400123.543,13930.4745502555,4.30477830391737,25607053.0,
China,CHN,1984,260442857142.857,251.192686463827,,1036825000.0,
France,FRA,1984,525033325827.516,9311.89426452129,7.67380262247321,56383085.0,
Germany,DEU,1984,727767760978.627,9347.29068412377,2.4057933993196,77858685.0,
India,IND,1984,212157645177.652,281.049867840717,8.3189071186008,754875449.0,
Indonesia,IDN,1984,84853700027.651,519.774063103241,10.4550392231412,163251124.0,
Italy,ITA,1984,438896930791.272,7757.55374836822,10.7944960076811,56576718.0,
Japan,JPN,1984,1345824500836.76,11207.4523524293,2.26161369193155,120083000.0,
"Korea, Rep.",KOR,1984,99749645088.5994,2468.68667303898,2.27395640001863,40405956.0,
Mexico,MEX,1984,184230754105.394,2506.30742754755,65.4488071277602,73506846.0,
Russian Federation,RUS,1984,,,,142745000.0,
Saudi Arabia,SAU,1984,119624858115.778,15541.1312184609,-1.55903706534204,7697307.0,
South Africa,ZAF,1984,84870163365.9306,2504.07736790289,11.526481434496,33892788.0,
Turkiye,TUR,1984,59937602179.8365,1209.05149383313,48.3923231346863,49574069.0,
United Kingdom,GBR,1984,461487097632.349,8179.19444064991,4.96071097821927,56422072.0,
United States,USA,1984,4037613000000.0,17121.2254849995,4.30053547523429,235825000.0,
Argentina,ARG,1985,88150891728.1064,2905.77565536137,,30336441.0,
Australia,AUS,1985,180861108959.102,11455.379711213,6.734693877551,15788312.0,
Brazil,BRA,1985,210879844638.877,1556.1297180511,225.989665211895,135515595.0,
Canada,CAN,1985,366186012449.652,14170.1249406067,3.96203054065205,25842116.0,
China,CHN,1985,310064625850.34,295.007445815897,,1051040000.0,
France,FRA,1985,547220981165.134,9657.01938533723,5.83109973854516,56665619.0,
Germany,DEU,1985,735218723093.277,9464.11694710857,2.0662330121658,77684873.0,
India,IND,1985,232511554840.372,300.928258576378,5.55642423236554,772647793.0,
Indonesia,IDN,1985,85289488375.4435,511.400883618027,4.72453518543398,166776185.0,
Italy,ITA,1985,453259761687.456,8009.10347642127,9.20599144253118,56593071.0,
Japan,JPN,1985,1427019759717.41,11809.4603450715,2.0322773460849,120837000.0,
"Korea, Rep.",KOR,1985,103764281280.89,2542.88419005153,2.45910879215274,40805744.0,
Mexico,MEX,1985,195241069482.077,2601.70825226684,57.7484484008702,75043414.0,
Russian Federation,RUS,1985,,,,143858000.0,
Saudi Arabia,SAU,1985,103897846493.65,12745.41992535,-3.05876872913659,8151779.0,
South Africa,ZAF,1985,64459376086.6883,1839.4841908184,16.2942252426421,35042093.0,
Turkiye,TUR,1985,67232758620.6897,1326.42701445307,44.9617301528779,50687115.0,
United Kingdom,GBR,1985,489285164271.047,8652.21654247593,6.07139434015119,56550268.0,
United States,USA,1985,4338979000000.0,18236.8277265009,3.54564415209365,237924000.0,
Argentina,ARG,1986,105872372613.857,3436.07819471053,,30811980.0,
Australia,AUS,1986,182707050923.335,11406.1093011037,9.05035054174634,16018350.0,
Brazil,BRA,1986,256480852471.129,1854.03775211919,147.142826237604,138336370.0,
Canada,CAN,1986,379006836991.724,14521.1800806,4.19478629085621,26100278.0,
China,CHN,1986,301310144927.536,282.445603096707,,1066790000.0,
France,FRA,1986,764946585850.933,13430.4824599685,2.53852591781417,56956002.0,
Germany,DEU,1986,1050092624515.9,13511.1520027486,-0.129413360854742,77720436.0,
India,IND,1986,248985994040.59,314.897116402542,8.72972072702581,790689978.0,
Indonesia,IDN,1986,79954072544.5279,469.834241253429,5.82266576732484,170175065.0,
Italy,ITA,1986,641862313287.44,11341.0939892903,5.82354691862017,56596155.0,
Japan,JPN,1986,2120083812109.91,17451.8349394142,0.595586799453249,121482000.0,
"Korea, Rep.",KOR,1986,119965960795.24,2910.82908054352,2.74998096063358,41213674.0,
Mexico,MEX,1986,134556034672.991,1756.93563367491,86.2333169923538,76585637.0,
Russian Federation,RUS,1986,,,,144894000.0,
Saudi Arabia,SAU,1986,86961922765.3254,10078.2896080512,-3.203331464723,8628639.0,
South Africa,ZAF,1986,73354771399.2627,2027.4662038189,18.6549230388755,36180515.0,
Turkiye,TUR,1986,75673037037.037,1461.49658654754,34.6100759738745,51777772.0,
United Kingdom,GBR,1986,601452653180.885,10611.112210096,3.42760940369314,56681396.0,
United States,USA,1986,4579631000000.0,19071.2271949295,1.89804772234276,240133000.0,
Argentina,ARG,1987,108810885301.253,3477.30131979313,,31291762.0,
Australia,AUS,1987,189726707252.515,11665.5298271811,8.53302162478083,16263874.0,
Brazil,BRA,1987,283056836893.838,2006.00226235757,228.336162575513,141104944.0,
Canada,CAN,1987,433134238310.709,16377.6902109541,4.3561087122174,26446601.0,
China,CHN,1987,273455156950.673,252.256760114454,7.23383553065609,1084035000.0,
France,FRA,1987,926320855614.973,16175.7090467566,3.28889821400133,57266167.0,
Germany,DEU,1987,1302932318824.81,16738.6132825523,0.24990610870503,77839920.0,
India,IND,1987,279033584092.223,344.941028293075,8.80112581251833,808931270.0,
Indonesia,IDN,1987,75929617557.7521,437.60655039936,9.27865406602839,173511154.0,
Italy,ITA,1987,807570134448.76,14267.5368168757,4.74728490389789,56601931.0,
Japan,JPN,1987,2580748422781.09,21141.7183951789,0.126176841696583,122069000.0,
"Korea, Rep.",KOR,1987,152240393645.506,3657.71773432329,3.04966077087423,41621690.0,
Mexico,MEX,1987,147542558208.888,1888.2631431041,131.82738392309,78136651.0,
Russian Federation,RUS,1987,,,,145908000.0,
Saudi Arabia,SAU,1987,85695861148.1976,9385.98469519899,-1.5471167369902,9130194.0,
South Africa,ZAF,1987,96535763418.3729,2586.27423314228,16.1605948546791,37326190.0,
Turkiye,TUR,1987,87190081680.28,1649.96264794402,38.8558434758408,52843670.0,
United Kingdom,GBR,1987,745162608269.325,13118.586534629,4.14892232052945,56802050.0,
United States,USA,1987,4855215000000.0,20038.9410992658,3.6645632175169,242289000.0,
Argentina,ARG,1988,126890235049.092,3992.70330179156,,31780532.0,
Australia,AUS,1988,236461079970.431,14303.093047615,7.21593968766828,16532164.0,
Brazil,BRA,1988,307881930752.268,2140.65027561164,629.114509120897,143826357.0,
Canada,CAN,1988,509380027626.554,19012.5723278349,4.02823414871611,26791747.0,
China,CHN,1988,312888888888.889,284.023573149686,18.8118179448753,1101630000.0,
France,FRA,1988,1010827662151.75,17549.6440487161,2.70081527508113,57598186.0,
Germany,DEU,1988,1406367016371.53,17996.9783507619,1.27411894006923,78144619.0,
India,IND,1988,296589670895.932,358.484539641693,9.38347186185335,827342990.0,
Indonesia,IDN,1988,84300174485.7973,476.662483405818,8.04535671530907,176855065.0,
Italy,ITA,1988,893663934840.821,15780.9495122174,5.05824747667119,56629288.0,
Japan,JPN,1988,3125724434400.79,25499.8811728107,0.678557580457558,122578000.0,
"Korea, Rep.",KOR,1988,205477530605.222,4888.68509195605,7.14609773721605,42031247.0,
Mexico,MEX,1988,181611150496.787,2278.81222720992,114.162258549066,79695531.0,
Russian Federation,RUS,1988,554828660436.137,3778.01977539063,,146857000.0,
Saudi Arabia,SAU,1988,88256074766.3551,9165.49615323397,0.907563025210508,9629165.0,
South Africa,ZAF,1988,103976831870.957,2702.05504774508,12.779553083028,38480649.0,
Turkiye,TUR,1988,90875175808.7201,1685.69479240535,68.8096433837049,53909626.0,
United Kingdom,GBR,1988,910122732123.799,15987.1680775688,4.15535171583102,56928327.0,
United States,USA,1988,5236438000000.0,21417.0119305191,4.07774110744413,244499000.0,
Argentina,ARG,1989,76629728760.123,2374.57321551641,,32270948.0,
Australia,AUS,1989,300264309002.14,17857.5520554588,7.53390256152688,16814416.0,
Brazil,BRA,1989,412990820287.42,2818.99277980122,1430.7237251472,146502972.0,
Canada,CAN,1989,567211993243.243,20794.682233334,4.98362189985958,27276781.0,
China,CHN,1989,348380566801.619,311.429461227032,18.2456383621648,1118650000.0,
France,FRA,1989,1016742237302.08,17547.2645422514,3.49830220700749,57943062.0,
Germany,DEU,1989,1404092925205.45,17829.4609524705,2.78056955569751,78751283.0,
India,IND,1989,296042052944.66,349.915155021864,7.07428002942301,846039529.0,
Indonesia,IDN,1989,94451427876.6628,524.143027322576,6.41554079916364,180201630.0,
Italy,ITA,1989,930801709003.669,16424.4301587005,6.25983137956977,56671781.0,
Japan,JPN,1989,3109455047823.93,25265.9487590208,2.27228962064317,123069000.0,
"Korea, Rep.",KOR,1989,254236243100.439,5989.2109474999,5.70016544561401,42449038.0,
Mexico,MEX,1989,221403098266.77,2725.05572275442,20.0078767139978,81247182.0,
Russian Federation,RUS,1989,506631299734.748,3429.64990234375,,147721000.0,
Saudi Arabia,SAU,1989,95344459279.0387,9413.58119352769,1.03264490339739,10128394.0,
South Africa,ZAF,1989,108055624081.806,2726.70980679488,14.7308753982381,39628575.0,
Turkiye,TUR,1989,107127191328.935,1948.59179454794,63.2725524930958,54976723.0,
United Kingdom,GBR,1989,926884816753.927,16239.2821960944,5.76024909185262,57076711.0,
United States,USA,1989,5641580000000.0,22857.1544330056,4.82700303008944,246819000.0,
Argentina,ARG,1990,141352654305.163,4315.33403111588,,32755901.0,
Australia,AUS,1990,311840666465.053,18273.561526468,7.33302195235872,17065128.0,
Brazil,BRA,1990,390725626002.866,2619.80141064047,2947.732772483,149143223.0,
Canada,CAN,1990,596075591360.987,21525.8611387148,4.78047693336304,27691138.0,
China,CHN,1990,361560229445.507,318.50335359039,3.05229012075233,1135185000.0,
France,FRA,1990,1257649439826.53,21586.4674617483,3.19428338029475,58261012.0,
Germany,DEU,1990,1778162195860.07,22385.6778250275,2.69646824292392,79433029.0,
India,IND,1990,320979026420.035,371.085936203765,8.9712325027325,864972221.0,
Indonesia,IDN,1990,106140727333.636,578.420121135382,7.81919756505635,183501098.0,
Italy,ITA,1990,1183945130898.51,20873.7834092719,6.456609061464,56719240.0,
Japan,JPN,1990,3185904656663.85,25801.3950393094,3.0785162869516,123478000.0,
"Korea, Rep.",KOR,1990,292064221388.988,6812.9019416767,8.57327225728677,42869283.0,
Mexico,MEX,1990,261253675692.838,3154.46920349038,26.6516725646771,82820170.0,
Russian Federation,RUS,1990,517014446227.929,3494.06323242188,,147969406.0,
Saudi Arabia,SAU,1990,117630173564.753,11054.7495049666,2.0771513353116,10640691.0,
South Africa,ZAF,1990,126048140141.869,3093.48920352334,14.3209918914915,40746268.0,
Turkiye,TUR,1990,150655500191.644,2689.52621921233,60.3038691346446,56015628.0,
United Kingdom,GBR,1990,1093169389204.55,19095.4669984608,8.06346090938833,57247586.0,
United States,USA,1990,5963144000000.0,23888.6000088133,5.39795643990325,249623000.0,
Argentina,ARG,1991,189719984268.485,5709.24784079504,,33230294.0,5.44
Australia,AUS,1991,326416407860.792,18885.4274465057,3.17667536988685,17284036.0,9.586
Brazil,BRA,1991,342609231342.783,2258.10454027063,432.786661926461,151724256.0,6.887
Canada,CAN,1991,612527712315.615,21846.7930471354,5.62586408593005,28037420.0,10.316
China,CHN,1991,384510452961.672,334.130288119078,3.55668565220452,1150780000.0,2.37
France,FRA,1991,1258961748633.88,21500.7778366233,3.21340732409687,58554242.0,9.134
Germany,DEU,1991,1875792575132.59,23443.3350818536,4.04703259753466,80013896.0,5.316
India,IND,1991,270105341879.226,305.574055928592,13.8702461773683,883927600.0,7.641
Indonesia,IDN,1991,116621996217.133,624.387495384411,9.41906784347004,186778238.0,2.617
Italy,ITA,1991,1249092439519.28,22007.1350964074,6.24999929790291,56758521.0,10.097
Japan,JPN,1991,3648065760648.88,29428.4289039469,3.25143848753308,123964000.0,2.059
"Korea, Rep.",KOR,1991,340851946803.812,7872.65052449111,9.33279048161495,43295704.0,2.407
Mexico,MEX,1991,313139656145.745,3708.8420548157,22.662359455061,84430572.0,3.145
Russian Federation,RUS,1991,517962962962.963,3490.45239257813,,148394216.0,5.11
Saudi Arabia,SAU,1991,132223230974.633,11847.1699534218,4.86111111111135,11160744.0,7.316
South Africa,ZAF,1991,135203698237.977,3243.23616023953,15.3347785733672,41687898.0,23.137
Turkiye,TUR,1991,151034731543.624,2649.27259974439,65.9785679918951,57009887.0,8.21
United Kingdom,GBR,1991,1142797178130.51,19900.7266505069,7.46178295746934,57424897.0,8.55
United States,USA,1991,6158129000000.0,24342.2589048189,4.23496396453849,252981000.0,6.8
Argentina,ARG,1992,228778917308.17,6789.99611136495,,33693527.0,6.36
Australia,AUS,1992,325982966981.415,18650.3675476612,1.01223112610714,17478635.0,10.733
Brazil,BRA,1992,328187960871.951,2127.29083011489,951.962053052818,154275079.0,7.086
Canada,CAN,1992,594387358318.855,20950.3305287651,1.49013290374545,28371264.0,11.197
China,CHN,1992,428502354788.069,367.822651903542,6.35398134024869,1164970000.0,2.37
France,FRA,1992,1389663073110.28,23615.0168565483,2.36376046269353,58846584.0,10.203
Germany,DEU,1992,2141377582968.07,26559.8543879632,5.05697796731731,80624598.0,6.323
India,IND,1992,288208070278.013,319.182472626315,11.7878170418134,902957070.0,7.649
Indonesia,IDN,1992,128026966579.964,673.67103954742,7.52351006242677,190043744.0,2.734
Italy,ITA,1992,1323204350353.5,23297.0460325456,5.2705899859293,56797087.0,9.321
Japan,JPN,1992,3980702922117.66,31992.7902119161,1.7602830605927,124425000.0,2.158
"Korea, Rep.",KOR,1992,366921291824.719,8387.16308258471,6.21328146355184,43747962.0,2.513
Mexico,MEX,1992,363157832923.734,4220.56643677057,15.5078962533573,86044809.0,3.235
Russian Federation,RUS,1992,460290556900.726,3098.802734375,,148538197.0,5.181
Saudi Arabia,SAU,1992,137087850467.29,11730.2687665244,-0.0770060064690784,11686676.0,7.2
South Africa,ZAF,1992,146956150986.636,3462.39400202835,13.874703748615,42443509.0,23.463
Turkiye,TUR,1992,159104772991.851,2743.65320297936,70.0761038690372,57990118.0,8.509
United Kingdom,GBR,1992,1179659529659.53,20487.1707852878,4.59154929577461,57580402.0,9.772
United States,USA,1992,6520327000000.0,25418.9907763319,3.02881967814969,256514000.0,7.5
Argentina,ARG,1993,236741715015.015,6931.85596375876,,34152717.0,10.1
Australia,AUS,1993,312568858909.5,17724.5399501656,1.75365344467641,17634808.0,10.879
Brazil,BRA,1993,368295778245.09,2348.90635436384,1927.38079016026,156794577.0,6.03
Canada,CAN,1993,579053561739.4,20186.7988782965,1.86507936507939,28684764.0,11.377
China,CHN,1993,446557291212.148,378.939353053314,14.6100786356602,1178440000.0,2.69
France,FRA,1993,1314383368079.69,22238.8250618434,2.10446277124644,59103094.0,11.32
Germany,DEU,1993,2078954217437.6,25616.6508772405,4.47457650752808,81156363.0,7.675
India,IND,1993,279295648982.529,302.884806246174,6.32689048779867,922118387.0,7.662
Indonesia,IDN,1993,158006700301.533,817.395116417856,9.6719108926401,193305168.0,2.782
Italy,ITA,1993,1067412587670.73,18781.9529427137,4.62673468331298,56831821.0,10.212
Japan,JPN,1993,4536940479038.25,36345.2441262708,1.24304589707924,124829000.0,2.539
"Korea, Rep.",KOR,1993,405705302846.447,9179.96872485152,4.80099660215354,44194628.0,2.878
Mexico,MEX,1993,530160763662.543,6048.34840388099,9.75146045357553,87653807.0,3.365
Russian Federation,RUS,1993,435083713850.837,2930.67016601563,874.245720380188,148458777.0,5.883
Saudi Arabia,SAU,1993,132967957276.368,10884.8607880777,1.05579531442695,12215862.0,7.002
South Africa,ZAF,1993,147194747565.75,3399.64009566241,9.71742729803028,43297156.0,23.361
Turkiye,TUR,1993,180415757851.616,3057.93737480422,66.0938429820006,58999167.0,8.962
United Kingdom,GBR,1993,1061388722255.55,18389.0195675099,2.55857796929705,57718614.0,10.346
United States,USA,1993,6858559000000.0,26387.2937338171,2.95165696638559,259919000.0,6.9
Argentina,ARG,1994,257440000000.0,7437.56242327594,,34613491.0,11.76
Australia,AUS,1994,323269456935.317,18155.6282000179,1.96963479688141,17805468.0,9.724
Brazil,BRA,1994,525369851353.742,3298.71491891786,2075.88839757325,159265006.0,6.579
Canada,CAN,1994,579944346807.264,19997.6237373354,0.165562913907291,29000663.0,10.395
China,CHN,1994,566929539493.172,475.677874448369,24.2569897243361,1191835000.0,2.9
France,FRA,1994,1385822778827.98,23359.8985104774,1.65551532926993,59324863.0,12.593
Germany,DEU,1994,2215282632276.73,27201.9593555204,2.69305639854954,81438348.0,8.727
India,IND,1994,327274843459.429,347.73421473994,10.2479355556119,941163767.0,7.593
Indonesia,IDN,1994,176892143931.505,899.793982949817,8.53199829189143,196591828.0,4.366
Italy,ITA,1994,1101750159702.21,19382.2002150155,4.05184218065716,56843400.0,11.086
Japan,JPN,1994,4998797547740.97,39933.5150564874,0.695458057869004,125178000.0,2.89
"Korea, Rep.",KOR,1994,479181794216.859,10733.9888860657,6.26585950039679,44641540.0,2.476
Mexico,MEX,1994,553618247900.74,6202.36588372862,6.96581237191123,89259205.0,4.436
Russian Federation,RUS,1994,395077301248.464,2662.10400390625,307.722635553193,148407912.0,8.131
Saudi Arabia,SAU,1994,135174899866.489,10601.9196697805,0.564325478533135,12750040.0,6.733
South Africa,ZAF,1994,153512712381.836,3488.59711541763,8.938563723594,44004139.0,23.067
Turkiye,TUR,1994,130650447499.071,2176.2801813809,105.214986469202,60033836.0,8.577
United Kingdom,GBR,1994,1140489745944.29,19709.2380983653,2.21901260504205,57865745.0,9.648
United States,USA,1994,7287236000000.0,27694.853416234,2.60744159215453,263126000.0,6.119
Argentina,ARG,1995,258031750000.0,7357.6162773788,,35070020.0,18.8
Australia,AUS,1995,368725126225.126,20479.1748274233,4.62776659959759,18004882.0,8.473
Brazil,BRA,1995,769333330411.575,4756.75013552302,66.0070335542481,161735073.0,7.092
Canada,CAN,1995,605961090061.207,20679.634792669,2.14876033057849,29302311.0,9.489
China,CHN,1995,738190896227.55,612.680277898627,16.7912251650916,1204855000.0,3.0
France,FRA,1995,1595219345511.89,26791.8151982369,1.79648142095595,59541294.0,11.834
Germany,DEU,1995,2593053091306.13,31747.2449398447,1.70616041317076,81678051.0,8.158
India,IND,1995,360281909643.489,375.17600537305,10.2248861637544,960301044.0,7.57
Indonesia,IDN,1995,202132028723.115,1011.22614205568,9.42030300572996,199888057.0,4.611
Italy,ITA,1995,1177369428265.78,20712.1798690324,5.23542258044301,56844303.0,11.661
Japan,JPN,1995,5545563663889.7,44197.6191013908,-0.127899045020446,125472000.0,3.15
"Korea, Rep.",KOR,1995,586286469400.665,13001.7205867019,4.48074108557248,45092991.0,2.063
Mexico,MEX,1995,380157469866.849,4183.87847727479,34.9992712889592,90862455.0,7.095
Russian Federation,RUS,1995,395537185734.854,2665.77978515625,197.414268084251,148375787.0,9.449
Saudi Arabia,SAU,1995,143343124165.554,10786.4008952769,4.86843103056028,13289245.0,6.365
South Africa,ZAF,1995,171735933897.331,3855.6340871567,8.68042421392631,44541554.0,22.705
Turkiye,TUR,1995,234699627004.035,3845.98997887841,89.11331722485,61024503.0,7.644
United Kingdom,GBR,1995,1349094208616.06,23252.6157127423,2.69749518304432,58019030.0,8.694
United States,USA,1995,7639749000000.0,28690.8757013347,2.80541968853662,266278000.0,5.65
Argentina,ARG,1996,272149750000.0,7663.21271287469,,35513793.0,17.11
Australia,AUS,1996,401962517479.122,22055.838490507,2.61538461538461,18224767.0,8.509
Brazil,BRA,1996,850426433004.077,5179.13052009976,15.7576656002606,164202549.0,8.035
Canada,CAN,1996,630607994132.747,21296.9723536904,1.57053112507138,29610218.0,9.62
China,CHN,1996,868523936530.083,713.337387811657,8.31316028893909,1217550000.0,3.12
France,FRA,1996,1598889216566.23,26757.6351494145,1.98288365089738,59754504.0,12.367
Germany,DEU,1996,2506576553158.31,30599.7891048363,1.44972701963239,81914831.0,8.822
India,IND,1996,392896866204.516,401.046754673579,8.97715233826453,979678458.0,7.537
Indonesia,IDN,1996,227369679374.973,1118.92133024129,7.97328096513346,203204348.0,4.861
Italy,ITA,1996,1314776508972.27,23122.9337219116,4.0069766898104,56860281.0,11.864
Japan,JPN,1996,4923391533851.63,39150.0396308089,0.136600358575909,125757000.0,3.383
"Korea, Rep.",KOR,1996,631196863758.281,13864.9376534518,4.92454354292754,45524681.0,2.048
Mexico,MEX,1996,432157945024.428,4674.36792733681,34.3783832235168,92452702.0,5.465
Russian Federation,RUS,1996,391724890744.498,2643.92919921875,47.7520122009939,148160129.0,9.665
Saudi Arabia,SAU,1996,158662483311.081,11471.5045960191,1.22206054877769,13831009.0,5.804
South Africa,ZAF,1996,163234925380.563,3617.55336002932,7.35411972085333,45123018.0,22.5
Turkiye,TUR,1996,250366965174.129,4041.36210281686,80.4121511388042,61951134.0,6.629
United Kingdom,GBR,1996,1425287051482.06,24503.3829602903,2.85178236397749,58166950.0,8.189
United States,USA,1996,8073122000000.0,29967.7127181749,2.93120419993441,269394000.0,5.451
Argentina,ARG,1997,292859000000.0,8146.78710021431,,35947791.0,14.82
Australia,AUS,1997,436321902767.408,23683.4948964934,0.224887556221887,18423037.0,8.367
Brazil,BRA,1997,883206452795.124,5299.39794248133,6.92671251629154,166661659.0,9.003
Canada,CAN,1997,654986999855.554,21901.5628548392,1.62121638084531,29905948.0,9.1
China,CHN,1997,967753570434.667,786.743548510999,2.78646505531882,1230075000.0,3.23
France,FRA,1997,1449392222971.45,24169.4008102822,1.20394294026962,59968066.0,12.566
Germany,DEU,1997,2218790886532.82,27046.9565464237,1.93937198922729,82034771.0,9.861
India,IND,1997,415867563592.829,416.228116203753,7.16425211462724,999133762.0,7.574
Indonesia,IDN,1997,215748998609.635,1044.60674832472,6.22615154887214,206536095.0,4.684
Italy,ITA,1997,1244988176443.84,21883.9872666651,2.04310779750136,56890372.0,11.985
Japan,JPN,1997,4492448605638.94,35638.2319556941,1.74780458692133,126057000.0,3.374
"Korea, Rep.",KOR,1997,589202526424.141,12821.6893313675,4.4389318457463,45953580.0,2.608
Mexico,MEX,1997,523449530464.257,5567.35599516667,20.6256287259247,94021207.0,4.235
Russian Federation,RUS,1997,404928954191.876,2737.57202148438,14.761329268806,147915361.0,11.813
Saudi Arabia,SAU,1997,165963684913.218,11545.3455998551,0.0571506050626109,14374943.0,5.283
South Africa,ZAF,1997,168978057327.73,3700.23554789867,8.59777611252274,45666838.0,22.549
Turkiye,TUR,1997,263817553748.395,4197.37636165642,85.669361649978,62852966.0,6.841
United Kingdom,GBR,1997,1569317288801.57,26910.1381529902,2.20114313510882,58316954.0,7.072
United States,USA,1997,8577554457000.0,31459.1389804773,2.33768993730735,272657000.0,5.0
Argentina,ARG,1998,298948250000.0,8218.99212764682,,36372860.0,12.65
Australia,AUS,1998,400361527504.578,21516.0403147759,0.860134629768142,18607584.0,7.684
Brazil,BRA,1998,863711007325.493,5105.89246192003,3.19507629280052,169159655.0,10.15
Canada,CAN,1998,634000000000.0,21024.5850687045,0.99594245665802,30155173.0,8.278
China,CHN,1998,1037134141760.35,835.095348597432,-0.773186011549318,1241935000.0,3.24
France,FRA,1998,1496906382032.47,24869.4030795939,0.651126867833049,60190684.0,12.074
Germany,DEU,1998,2247760364565.97,27395.9440608051,0.911183535014403,82047195.0,9.787
India,IND,1998,421351317224.941,413.630864056851,13.2308389767977,1018665080.0,7.596
Indonesia,IDN,1998,95445547872.715,454.877800792123,58.4510413515526,209826788.0,5.459
Italy,ITA,1998,1272729786996.77,22365.1837644545,1.95508557719381,56906744.0,12.117
Japan,JPN,1998,4098362709531.24,32423.7556133801,0.661974191385911,126400000.0,4.078
"Korea, Rep.",KOR,1998,397297216492.19,8583.43557499234,7.51358008079307,46286503.0,6.963
Mexico,MEX,1998,557461102630.658,5832.69342004468,15.9283950119353,95575245.0,3.733
Russian Federation,RUS,1998,270955486862.442,1834.86181640625,27.6856798076742,147670784.0,13.261
Saudi Arabia,SAU,1998,146775466666.667,9836.05729768574,-0.371266751712053,14922185.0,4.752
South Africa,ZAF,1998,152982984557.233,3309.60933087472,6.88054521037351,46223880.0,22.739
Turkiye,TUR,1998,276035372654.608,4331.02761275037,84.6413434846315,63734383.0,6.888
United Kingdom,GBR,1998,1660821464060.95,28396.3523548013,1.82056163731557,58487141.0,6.198
United States,USA,1998,9062818202000.0,32853.6769523009,1.55227909874364,275854000.0,4.511
Argentina,ARG,1999,283523000000.0,7705.54288252851,,36794682.0,14.05
Australia,AUS,1999,390347787943.351,20749.6443779096,1.48312940304041,18812264.0,6.876
Brazil,BRA,1999,599642075004.471,3493.57192043228,4.85844749902667,171641543.0,11.125
Canada,CAN,1999,678412196271.118,22315.2466731545,1.73484295105918,30401286.0,7.583
China,CHN,1999,1103843203575.64,881.146614068925,-1.40147268276465,1252735000.0,3.25
France,FRA,1999,1486915879701.93,24576.3152254528,0.537141639134645,60501986.0,11.981
Germany,DEU,1999,2213873468586.88,26965.4922773722,0.585433064230783,82100243.0,8.854
India,IND,1999,458821052615.79,441.927991436397,4.66982038037594,1038225823.0,7.583
Indonesia,IDN,1999,140001351215.462,657.268934667018,20.4778324428892,213004668.0,6.358
Italy,ITA,1999,1255004736463.98,22049.9990620261,1.66345995007714,56916317.0,11.681
Japan,JPN,1999,4635982224063.88,36610.1683163197,-0.341296928327554,126631000.0,4.677
"Korea, Rep.",KOR,1999,515697079289.011,11062.5019301357,0.81295725444637,46616677.0,6.342
Mexico,MEX,1999,631249359702.389,6499.97182950425,16.5856169707538,97115707.0,2.598
Russian Federation,RUS,1999,195907128350.934,1330.75720214844,85.7464940960636,147214776.0,13.036
Saudi Arabia,SAU,1999,161717066666.667,10452.1899400479,-1.333754896539,15472075.0,4.346
South Africa,ZAF,1999,151516957078.536,3242.36830483958,5.18148905111697,46730335.0,22.884
Turkiye,TUR,1999,256673939247.773,3973.77763854116,64.8674876350757,64591923.0,7.687
United Kingdom,GBR,1999,1693458987218.9,28858.0065333126,1.7529508005142,58682466.0,6.042
United States,USA,1999,9631174489000.0,34515.3902272076,2.18802719697358,279040000.0,4.219
Argentina,ARG,2000,284203750000.0,7637.01489203628,,37213984.0,15.0
Australia,AUS,2000,416901962163.479,21908.9968019784,4.45743514797224,19028802.0,6.288
Brazil,BRA,2000,655448188259.351,3766.54786339835,7.04414105947266,174018282.0,10.889
Canada,CAN,2000,744773415931.587,24271.0020563821,2.71943995691976,30685730.0,6.829
China,CHN,2000,1223754919971.05,969.199513696287,0.347811226864587,1262645000.0,3.26
France,FRA,2000,1360959069477.49,22340.5939516217,1.67595988720927,60918661.0,10.218
Germany,DEU,2000,1966980701145.1,23925.8559901991,1.44026838719741,82211508.0,7.917
India,IND,2000,468395521654.458,442.750218937263,4.0094359104519,1057922733.0,7.589
Indonesia,IDN,2000,165021012077.81,763.711124950924,3.68862037056682,216077790.0,6.077
Italy,ITA,2000,1149661363439.38,20190.0035636084,2.53768532095002,56942108.0,10.834
Japan,JPN,2000,4968359075956.59,39169.3595701504,-0.676578683595175,126843000.0,4.748
"Korea, Rep.",KOR,2000,597487173479.109,12710.2995795579,2.25916580080157,47008111.0,4.063
Mexico,MEX,2000,742061329749.127,7524.0271380091,9.49156149435403,98625552.0,2.646
Russian Federation,RUS,2000,259710142196.943,1771.59411621094,20.7987606558704,146596869.0,10.581
Saudi Arabia,SAU,2000,189514933333.333,11714.5623675159,-1.1249983851764,16177722.0,4.57
South Africa,ZAF,2000,151752757215.309,3217.84693448467,5.33895913599828,47159719.0,22.788
Turkiye,TUR,2000,274748463178.502,4199.3798635759,54.9153705812683,65425961.0,6.495
United Kingdom,GBR,2000,1671597821152.97,28383.8761094996,1.18295624210408,58892514.0,5.558
United States,USA,2000,10250947997000.0,36329.9560727102,3.37685727149929,282162411.0,3.992
Argentina,ARG,2001,268696750000.0,7141.47507662826,,37624825.0,17.32
Australia,AUS,2001,380360222861.197,19733.6510102645,4.40713536201469,19274701.0,6.747
Brazil,BRA,2001,559983704094.17,3176.28975052524,6.84035902487523,176301203.0,10.649
Canada,CAN,2001,738981792355.372,23822.096210932,2.52512013979906,31020855.0,7.219
China,CHN,2001,1355036590251.52,1065.40597574519,0.719125609120114,1271850000.0,3.8
France,FRA,2001,1370376677298.86,22331.7948343036,1.63478079549601,61364377.0,8.61
Germany,DEU,2001,1966381496641.73,23878.3641471651,1.98385731334471,82349925.0,7.773
India,IND,2001,485440139204.171,450.357900514128,3.77929312235637,1077898575.0,7.611
Indonesia,IDN,2001,160446947784.909,732.307093405708,11.5001160550887,219097902.0,6.082
Italy,ITA,2001,1172041488805.87,20570.4385917862,2.78516542713554,56976981.0,9.599
Japan,JPN,2001,4374711694090.87,34406.1824638092,-0.740055504162738,127149000.0,5.02
"Korea, Rep.",KOR,2001,567564806235.441,11981.4828218758,4.06657587897792,47370164.0,3.699
Mexico,MEX,2001,796064590549.136,7952.76479510706,6.36773806235037,100099099.0,2.627
Russian Federation,RUS,2001,306602070620.5,2100.3525390625,21.4770072117159,145976482.0,8.978
Saudi Arabia,SAU,2001,184137600000.0,10805.311325122,-1.12094804896791,17041397.0,4.618
South Africa,ZAF,2001,135429905922.526,2847.15191945908,5.70189483049608,47566800.0,22.652
Turkiye,TUR,2001,202195080239.036,3052.2256706793,54.4001887619075,66245128.0,8.381
United Kingdom,GBR,2001,1656171009068.66,28013.8729635508,1.53234960272418,59119673.0,4.696
United States,USA,2001,10581929774000.0,37133.623113437,2.82617111885407,284968955.0,4.731
Argentina,ARG,2002,97724004251.8602,2569.69963519124,,38029349.0,19.59
Australia,AUS,2002,396436967262.563,20335.0960191023,2.98157453936348,19495210.0,6.375
Brazil,BRA,2002,509795270685.19,2855.94017137049,8.45016437708331,178503484.0,10.641
Canada,CAN,2002,760649334098.005,24256.0192337185,2.25839440940855,31359199.0,7.665
China,CHN,2002,1489821682050.54,1163.55957673426,-0.731970902350244,1280400000.0,4.24
France,FRA,2002,1492427756382.43,24144.5727019529,1.9234122872706,61812142.0,8.702
Germany,DEU,2002,2102350798305.89,25486.5942008748,1.42080615551526,82488495.0,8.482
India,IND,2002,514939140318.756,469.149928973927,4.29715203929563,1097600380.0,7.681
Indonesia,IDN,2002,195660611165.183,881.002913569131,11.9001200338414,222088495.0,6.604
Italy,ITA,2002,1281746271196.04,22451.3964379368,2.46532319171165,57089824.0,9.211
Japan,JPN,2002,4182846045873.61,32820.7936433254,-0.923494026942321,127445000.0,5.386
"Korea, Rep.",KOR,2002,650014391470.21,13642.9424537101,2.76226210296599,47644736.0,3.046
Mexico,MEX,2002,810666116401.915,7983.03398381759,5.03072733151295,101548624.0,3.003
Russian Federation,RUS,2002,345470494417.863,2377.52954101563,15.7887307914463,145306497.0,7.875
Saudi Arabia,SAU,2002,189605866666.667,10586.0543471363,0.247186492339725,17910910.0,5.265
South Africa,ZAF,2002,129087556612.449,2688.23676032806,9.494713780996,48019415.0,22.579
Turkiye,TUR,2002,240778008473.845,3591.08628982587,44.9641209479849,67048795.0,10.358
United Kingdom,GBR,2002,1790536570743.41,30158.7017807858,1.52040245947455,59370479.0,5.037
United States,USA,2002,10929112955000.0,37997.7596573051,1.58603162650601,287625193.0,5.783
Argentina,ARG,2003,127586973492.177,3320.47775133903,,38424282.0,15.36
Australia,AUS,2003,468517181129.878,23757.5898471684,2.73259596616786,19720737.0,5.933
Brazil,BRA,2003,558233724164.711,3090.6068907839,14.7149197228147,180622688.0,11.168
Canada,CAN,2003,895540646634.787,28301.8645937428,2.75856321360112,31642461.0,7.574
China,CHN,2003,1683903309843.85,1306.97245408557,1.12760348729637,1288400000.0,4.58
France,FRA,2003,1835095983049.09,29479.5222101175,2.09847219146923,62249855.0,8.306
Germany,DEU,2003,2534715518349.01,30711.1022511331,1.03422218628562,82534176.0,9.779
India,IND,2003,607700687237.318,544.143133545002,3.80585899528851,1116803006.0,7.633
Indonesia,IDN,2003,234772463823.808,1043.2105838671,6.75731256333564,225048008.0,6.657
Italy,ITA,2003,1582930016538.82,27577.5700319855,2.6725555277285,57399184.0,8.869
Japan,JPN,2003,4519561645253.53,35387.0374203599,-0.256541816316025,127718000.0,5.251
"Korea, Rep.",KOR,2003,728516494684.269,15211.5483770422,3.51487451459939,47892330.0,3.348
Mexico,MEX,2003,765549967703.273,7434.0746485155,4.54690012118718,102978515.0,3.455
Russian Federation,RUS,2003,430347420184.885,2975.123046875,13.6632930228666,144648618.0,8.21
Saudi Arabia,SAU,2003,215807733333.333,11487.220410693,0.612195358172966,18786767.0,5.563
South Africa,ZAF,2003,197018965308.697,4062.21755993786,5.67942414068799,48500348.0,22.679
Turkiye,TUR,2003,315392899922.379,4649.63668068586,21.6024384490572,67831730.0,10.542
United Kingdom,GBR,2003,2061227755102.04,34556.7726095905,1.37650038542013,59647577.0,4.807
United States,USA,2003,11456442041000.0,39490.2749557007,2.27009497336115,290107933.0,5.989
Argentina,ARG,2004,164657930452.787,4242.02099089422,,38815916.0,13.522
Australia,AUS,2004,615643050220.515,30886.0500949401,2.34325522482583,19932722.0,5.399
Brazil,BRA,2004,669289321944.512,3663.82262497811,6.59718509985963,182675143.0,10.072
Canada,CAN,2004,1026690238278.25,32145.5412620217,1.85725871857256,31938807.0,7.185
China,CHN,2004,1984196551300.44,1530.92726215723,3.82463743108159,1296075000.0,4.49
France,FRA,2004,2109792297237.03,33644.9282220364,2.14208964640241,62707588.0,8.914
Germany,DEU,2004,2852317768061.78,34566.7359143735,1.66573696655992,82516260.0,10.727
India,IND,2004,709152728830.775,624.258826510066,3.76725173477515,1135991513.0,7.598
Indonesia,IDN,2004,256836875295.452,1126.84004447173,6.06406189133648,227926649.0,7.303
Italy,ITA,2004,1812808753294.75,31348.1901841445,2.20673661423657,57828179.0,7.866
Japan,JPN,2004,4893116005656.56,38298.9801712303,-0.0085733882031027,127761000.0,4.734
"Korea, Rep.",KOR,2004,823251107638.814,17121.6301633201,3.59066298882578,48082519.0,3.42
Mexico,MEX,2004,819459227375.022,7849.66759649565,4.68840884843143,104394131.0,3.937
Russian Federation,RUS,2004,591016690732.385,4102.36474609375,10.8886157326216,144067316.0,7.763
Saudi Arabia,SAU,2004,258742133333.333,13154.4978989446,0.51550789776726,19669480.0,5.822
South Africa,ZAF,2004,255806908594.573,5221.46333731721,-0.692039437857687,48991421.0,22.567
Turkiye,TUR,2004,410156784495.948,5979.6054216148,8.59826168115272,68592617.0,10.838
United Kingdom,GBR,2004,2429774807762.72,40504.4118103928,1.39039756680422,59987905.0,4.594
United States,USA,2004,12217193198000.0,41724.6316287624,2.67723669309172,292805298.0,5.529
Argentina,ARG,2005,198737095012.282,5067.65342293276,,39216789.0,11.506
Australia,AUS,2005,696811489612.816,34535.20727091,2.69183168316832,20176844.0,5.036
Brazil,BRA,2005,891633826625.407,4827.78165890291,6.86953720898964,184688101.0,10.551
Canada,CAN,2005,1173108598778.68,36383.6600068095,2.21355203439767,32242732.0,6.758
China,CHN,2005,2317551298052.05,1777.64496828464,1.77641407667571,1303720000.0,4.52
France,FRA,2005,2192146403028.17,34696.3718316971,1.74586936380482,63180854.0,8.882
Germany,DEU,2005,2893393187361.87,35084.4363546269,1.54691114751328,82469422.0,11.193
India,IND,2005,820383763511.445,710.488080408949,4.24634362031922,1154676322.0,7.551
Indonesia,IDN,2005,285868619196.085,1238.21447629488,10.4532001873347,230871650.0,7.945
Italy,ITA,2005,1864982261286.85,32062.723833669,1.9852929852798,58166682.0,7.73
Japan,JPN,2005,4831467035389.8,37812.8950199948,-0.282946068764391,127773000.0,4.446
"Korea, Rep.",KOR,2005,971740329983.878,20167.0474902506,2.75379162735039,48184561.0,3.482
Mexico,MEX,2005,917571853529.104,8671.75891885163,3.98805714597437,105811504.0,3.558
Russian Federation,RUS,2005,764015973481.11,5323.455078125,12.6853039507349,143518814.0,7.124
Saudi Arabia,SAU,2005,328459608764.111,15975.7473782258,0.47923167163102,20559890.0,6.051
South Africa,ZAF,2005,288867217196.534,5836.87663325127,2.06285308223427,49490033.0,22.472
Turkiye,TUR,2005,508314210212.544,7331.85429430255,8.17916036802002,69329557.0,10.636
United Kingdom,GBR,2005,2551361818181.82,42240.2462987547,2.0891364902507,60401206.0,4.884
United States,USA,2005,13039199193000.0,44123.4070679055,3.3927468454955,295516599.0,5.084
Argentina,ARG,2006,232557260817.308,5869.38028970204,,39622115.0,10.078
Australia,AUS,2006,749708370332.989,36658.8243476122,3.55528773727026,20450966.0,4.785
Brazil,BRA,2006,1107626711163.23,5934.14561857454,4.18356812896909,186653106.0,9.692
Canada,CAN,2006,1319264809590.97,40504.0370977806,2.00202539534161,32571193.0,6.484
China,CHN,2006,2791498472804.33,2129.25696999613,1.6494309945586,1311020000.0,4.43
France,FRA,2006,2317861544690.82,36431.5658906555,1.67512449608723,63622342.0,8.832
Germany,DEU,2006,3046308753670.58,36980.3349948954,1.57742642840563,82376451.0,10.277
India,IND,2006,940259888787.721,801.668353659022,5.79652337561634,1172878890.0,7.553
Indonesia,IDN,2006,364570515618.357,1558.31562847163,13.108670985346,233951652.0,7.551
Italy,ITA,2006,1958563654385.64,33537.1286994269,2.09084391012754,58399861.0,6.777
Japan,JPN,2006,4601663122649.92,35991.546002862,0.249355116079085,127854000.0,4.192
"Korea, Rep.",KOR,2006,1095175538508.19,22609.7059431449,2.24234028518921,48438292.0,3.254
Mexico,MEX,2006,1020265057882.01,9512.63575346699,3.62946762439132,107253666.0,3.566
Russian Federation,RUS,2006,989932071352.543,6920.19970703125,9.66865454789265,143049637.0,7.055
Saudi Arabia,SAU,2006,376900133511.348,17563.6145370639,2.20902314069639,21459144.0,6.254
South Africa,ZAF,2006,303858675363.643,6077.38293388876,3.2439076541923,49998277.0,22.304
Turkiye,TUR,2006,559668118237.002,7990.08251407245,9.59724212288432,70045349.0,10.227
United Kingdom,GBR,2006,2719558417663.29,44695.161023424,2.4556616643929,60846820.0,5.472
United States,USA,2006,13815586948000.0,46302.0008800056,3.22594410070404,298379912.0,4.623
Argentina,ARG,2007,287530508430.568,7185.25155147027,,40016763.0,8.47
Australia,AUS,2007,856603595823.192,41128.2476618402,2.32761128891476,20827622.0,4.381
Brazil,BRA,2007,1397114247188.89,7409.69003822861,3.64127299102652,188552320.0,9.28
Canada,CAN,2007,1468820407783.26,44660.0838892281,2.13838399266837,32888886.0,6.156
China,CHN,2007,3604055822571.63,2734.72709877693,4.81676767378834,1317885000.0,4.35
France,FRA,2007,2655816911866.56,41486.1907828787,1.4879980595386,64016890.0,8.008
Germany,DEU,2007,3484056680854.91,42350.9217211489,2.29834400700951,82266372.0,8.732
India,IND,2007,1216736438834.96,1021.88707706826,6.37288135593231,1190676021.0,7.562
Indonesia,IDN,2007,432216737774.861,1823.21976255073,6.40656087966005,237062337.0,8.06
Italy,ITA,2007,2222524108127.65,37826.1754554823,1.82974112202403,58756247.0,6.076
Japan,JPN,2007,4579750920354.81,35779.0245416427,0.060039454498669,128001000.0,3.888
"Korea, Rep.",KOR,2007,1220911904593.06,25078.4853957105,2.53457382137932,48683638.0,3.013
Mexico,MEX,2007,1102355554971.95,10134.3327138119,3.96684905458235,108774360.0,3.628
Russian Federation,RUS,2007,1299703478481.65,9101.2392578125,9.00729868861079,142805114.0,6.002
Saudi Arabia,SAU,2007,415964509673.115,18596.1502627898,4.1678235843158,22368313.0,5.734
South Africa,ZAF,2007,333077117253.684,6591.85535960564,6.17781214809388,50528584.0,22.26
Turkiye,TUR,2007,685228481017.03,9766.91734545294,8.75618090972639,70158112.0,10.285
United Kingdom,GBR,2007,3104699879951.98,50629.0799172887,2.38656150773327,61322463.0,5.399
United States,USA,2007,14474226905000.0,48050.2237771135,2.85267248150138,301231207.0,4.622
Argentina,ARG,2008,361558037110.419,8944.1102657357,,40424148.0,7.837
Australia,AUS,2008,1058448244063.77,49811.2067218988,4.35029854990048,21249199.0,4.242
Brazil,BRA,2008,1695855391757.96,8908.33338467948,5.67859390284168,190367302.0,8.268
Canada,CAN,2008,1552989690721.65,46710.2526864484,2.37027067444299,33247298.0,6.284
China,CHN,2008,4667346414521.95,3523.44302065213,5.92525137041092,1324655000.0,4.59
France,FRA,2008,2926802941585.86,45464.8181385158,2.81286194914787,64375116.0,7.386
Germany,DEU,2008,3808197720125.0,46379.1647953479,2.62837981637219,82110097.0,7.508
India,IND,2008,1198895139005.92,992.519584923828,8.34926704907581,1207930964.0,7.629
Indonesia,IDN,2008,510228634992.258,2124.55483920618,10.2266663272483,240157903.0,7.208
Italy,ITA,2008,2417508414187.19,40828.5795580937,3.34783258401022,59211181.0,6.723
Japan,JPN,2008,5106679115127.3,39876.3039685725,1.3800788616492,128063000.0,4.002
"Korea, Rep.",KOR,2008,1091580692542.34,22252.3125108061,4.67389655533408,49054708.0,2.959
Mexico,MEX,2008,1161553459715.1,10523.7685403244,5.12498274575896,110374288.0,3.874
Russian Federation,RUS,2008,1660848058303.11,11635.2841796875,14.1107677840442,142742366.0,6.205
Saudi Arabia,SAU,2008,519796800000.0,22320.4888964331,9.87024816760269,23287877.0,5.085
South Africa,ZAF,2008,316131258616.309,6184.75474328399,9.90998456005467,51114599.0,22.407
Turkiye,TUR,2008,775415944332.866,10913.4079047769,10.4441283764885,71051678.0,10.965
United Kingdom,GBR,2008,2945251838235.29,47652.4030691881,3.52140856342539,61806995.0,5.748
United States,USA,2008,14769857911000.0,48570.0459804586,3.839100296651,304093966.0,5.784
Argentina,ARG,2009,332976484577.619,8150.23527028221,,40854831.0,8.645
Australia,AUS,2009,931761689770.843,42954.8494884573,1.77111716621254,21691653.0,5.565
Brazil,BRA,2009,1666996294252.12,8678.6584730653,4.88803479876799,192079951.0,9.419
Canada,CAN,2009,1374625142157.29,40874.8831932903,0.299466803009299,33630069.0,8.46
China,CHN,2009,5189577094997.58,3898.24459158811,-0.728165250932898,1331260000.0,4.72
France,FRA,2009,2700075882518.98,41728.0884164132,0.0876204781574552,64706436.0,9.122
Germany,DEU,2009,3478545516683.59,42471.8868625226,0.312739007368447,81902307.0,7.88
India,IND,2009,1341888016994.9,1094.94974598436,10.8823529411764,1225524753.0,7.636
Indonesia,IDN,2009,539580085612.401,2218.48541852977,4.38641311792074,243220028.0,6.106
Italy,ITA,2009,2209484319012.65,37099.6133958219,0.774768131387381,59555454.0,7.749
Japan,JPN,2009,5289493117993.89,41308.9968370512,-1.35283672951719,128047000.0,5.068
"Korea, Rep.",KOR,2009,983065242417.36,19937.3029137734,2.7564965449393,49307835.0,3.363
Mexico,MEX,2009,943437415024.633,8423.56933214711,5.29735584228856,111999721.0,5.356
Russian Federation,RUS,2009,1222645900055.7,8562.82421875,11.6473295764118,142785348.0,8.301
Saudi Arabia,SAU,2009,429097866666.667,17718.3911648365,5.0572227614833,24217654.0,5.377
South Africa,ZAF,2009,329754060647.129,6374.70560042992,7.23809523809527,51728516.0,23.523
Turkiye,TUR,2009,653894449921.288,9076.92472236977,6.25097663090626,72039206.0,14.026
United Kingdom,GBR,2009,2429358155475.93,39009.3715547821,1.96173173560109,62276270.0,7.683
United States,USA,2009,14478064934000.0,47194.9433547336,-0.355546266299747,306771529.0,9.254
Argentina,ARG,2010,423627422092.49,10260.1313108254,,41288694.0,7.714
Australia,AUS,2010,1152566632022.13,52313.8939041213,2.91834002677376,22031750.0,5.214
Brazil,BRA,2010,2208838108484.35,11403.2840038694,5.03872690108075,193701929.0,8.42
Canada,CAN,2010,1617343367486.26,47560.6666009406,1.77687154092627,34005902.0,8.178
China,CHN,2010,6192564874453.29,4629.24551710077,3.17532475269199,1337705000.0,4.53
France,FRA,2010,2646230027988.34,40694.8211697025,1.53112270420926,65026211.0,9.279
Germany,DEU,2010,3467093769666.67,42396.9665976293,1.1038103778926,81776930.0,7.043
India,IND,2010,1675615519484.96,1347.51939071367,11.9893899204244,1243481564.0,7.631
Indonesia,IDN,2010,755094157621.936,3065.68348377765,5.13420639015885,246305322.0,5.614
Italy,ITA,2010,2144936254535.0,35856.8625485539,1.52551602118248,59819407.0,8.363
Japan,JPN,2010,5759071769013.11,44968.1562349739,-0.728243207517779,128070000.0,5.102
"Korea, Rep.",KOR,2010,1192830015737.68,24071.2620526362,2.93928652655686,49554112.0,3.324
Mexico,MEX,2010,1105424238731.09,9728.80078377082,4.15672722680174,113623895.0,5.303
Russian Federation,RUS,2010,1524916715223.95,10674.990234375,6.84939230255025,142849468.0,7.407
Saudi Arabia,SAU,2010,528207466666.667,22028.3901426586,5.33941733020903,23978487.0,5.55
South Africa,ZAF,2010,417363822801.713,7973.47195771517,4.06749555950263,52344051.0,24.683
Turkiye,TUR,2010,782545664268.333,10698.9699409757,8.56644420552976,73142150.0,11.879
United Kingdom,GBR,2010,2496740681057.14,39778.3220528565,2.49265472467065,62766365.0,7.973
United States,USA,2010,15048964444000.0,48642.6100179312,1.6400434423899,309378227.0,9.633
Argentina,ARG,2011,530158122010.442,12704.2831819684,,41730660.0,7.18
Australia,AUS,2011,1402939868653.4,62799.3895017032,3.3038501560874,22340024.0,5.083
Brazil,BRA,2011,2616156606579.21,13396.6263158041,6.6364496221309,195284734.0,7.578
Canada,CAN,2011,1793326630174.52,52223.8588398531,2.91213508872351,34339221.0,7.637
China,CHN,2011,7671757207851.29,5703.76027973346,5.55389892257493,1345035000.0,4.55
France,FRA,2011,2870408553990.28,43929.7840873812,2.11159795174994,65340830.0,9.228
Germany,DEU,2011,3823575803793.78,47630.9761883572,2.07517283735874,80274983.0,5.967
India,IND,2011,1823051829894.55,1445.46127486037,8.91179336483371,1261224954.0,7.609
Indonesia,IDN,2011,892969104563.171,3579.46442466152,5.35604849112582,249470032.0,5.153
Italy,ITA,2011,2306974020278.21,38432.3742820019,2.78063272879323,60026841.0,8.359
Japan,JPN,2011,6233147172341.35,48760.0789494211,-0.27245561610124,127833000.0,4.55
"Korea, Rep.",KOR,2011,1307103477219.1,26175.2398553363,4.0259650043609,49936638.0,2.992
Mexico,MEX,2011,1229013703416.76,10664.4944032313,3.40737824605742,115243504.0,5.175
Russian Federation,RUS,2011,2045922753398.04,14305.33203125,8.4404648593257,143018195.0,6.571
Saudi Arabia,SAU,2011,680660800000.0,27126.7498747702,5.82621637394042,25091867.0,5.77
South Africa,ZAF,2011,458199494830.834,8646.05571071635,5.0008533879502,52995205.0,24.639
Turkiye,TUR,2011,844192507380.795,11373.6355760885,6.471879671151,74223629.0,9.789
United Kingdom,GBR,2011,2675590034128.66,42295.9273835322,3.8561124468282,63258810.0,8.195
United States,USA,2011,15599728123000.0,50024.868799398,3.156841568622,311839461.0,8.949
Argentina,ARG,2012,545982375701.128,12949.717486654,,42161721.0,7.217
Australia,AUS,2012,1552728401401.58,68301.4402512587,1.76278015613196,22733465.0,5.225
Brazil,BRA,2012,2465228293706.86,12521.7238454434,5.40349914036997,196876111.0,7.251
Canada,CAN,2012,1828366481521.6,52670.3447335415,1.51567823124517,34713395.0,7.392
China,CHN,2012,8673664713189.24,6405.0574241349,2.61952432645541,1354190000.0,4.58
France,FRA,2012,2683007095787.23,40863.5814412333,1.9541953161351,65657659.0,9.841
Germany,DEU,2012,3596483233406.25,44718.0159214069,2.00848884782956,80425823.0,5.372
India,IND,2012,1827637590410.41,1429.32199520032,9.47899691419801,1278674502.0,7.645
Indonesia,IDN,2012,917869913332.649,3632.27254030331,4.2795142691943,252698525.0,4.468
Italy,ITA,2012,2097929495121.68,34854.3949441965,3.04136333226775,60191247.0,10.655
Japan,JPN,2012,6272362996105.03,49145.2804308193,-0.0440645104432602,127629000.0,4.358
"Korea, Rep.",KOR,2012,1335343586437.67,26600.5477433903,2.18707104433314,50199853.0,2.812
Mexico,MEX,2012,1255110424817.79,10744.1335242686,4.11150981070289,116818208.0,4.892
Russian Federation,RUS,2012,2208293553878.42,15401.8515625,5.07474300799149,143378447.0,5.484
Saudi Arabia,SAU,2012,751921333333.333,28733.4375513452,2.86627029905053,26168861.0,5.622
South Africa,ZAF,2012,434400545085.811,8076.97678479741,5.73797139141739,53782567.0,24.727
Turkiye,TUR,2012,885327622479.052,11776.7593362033,8.89156996512163,75175827.0,9.21
United Kingdom,GBR,2012,2719715961539.83,42688.3263728372,2.5732347965453,63711000.0,8.279
United States,USA,2012,16253972230000.0,51708.4011556577,2.06933726526067,314339099.0,8.069
Argentina,ARG,2013,552025140252.246,12963.675773326,,42582455.0,7.1
Australia,AUS,2013,1583737461925.39,68476.6788496118,2.4498886414254,23128129.0,5.663
Brazil,BRA,2013,2472819362043.74,12458.8903396625,6.20431066640101,198478299.0,7.071
Canada,CAN,2013,1846597421834.98,52638.1187235237,0.938291897815317,35080992.0,7.143
China,CHN,2013,9743124247267.24,7147.03518622344,2.62105001748115,1363240000.0,4.6
France,FRA,2013,2816077607875.26,42669.1795111893,0.863715497861805,65997932.0,9.913
Germany,DEU,2013,3807023797050.99,47206.8353514242,1.50472330251876,80645605.0,5.316
India,IND,2013,1856721507621.58,1432.84397512195,10.0178784746102,1295829511.0,7.678
Indonesia,IDN,2013,912524136718.018,3566.60284506078,6.41249457900391,255852467.0,4.336
Italy,ITA,2013,2153225581941.46,35701.6746002376,1.21999342274306,60311613.0,12.149
Japan,JPN,2013,5212328181166.18,40898.6478964744,0.335037912184741,127445000.0,4.038
"Korea, Rep.",KOR,2013,1434669686501.84,28449.3591104972,1.30134754547413,50428893.0,3.067
Mexico,MEX,2013,1327436290282.67,11216.8008505428,3.80639069747204,118343573.0,4.921
Russian Federation,RUS,2013,2292470078346.22,15941.4482421875,6.75466833903486,143805638.0,5.513
Saudi Arabia,SAU,2013,769755733333.333,27865.465604962,3.51104209799857,27624004.0,5.6
South Africa,ZAF,2013,400886013595.573,7331.65467384919,5.78016910069176,54678791.0,24.561
Turkiye,TUR,2013,962167643588.925,12635.5570016068,7.49309030547693,76147624.0,9.713
United Kingdom,GBR,2013,2796908333283.39,43606.9837896348,2.29166666666659,64139000.0,7.752
United States,USA,2013,16843190993000.0,53179.0127634561,1.46483265562717,316726282.0,7.375
Argentina,ARG,2014,526319673731.638,12233.1444119186,,43024071.0,7.268
Australia,AUS,2014,1474677007565.64,62817.2061751737,2.48792270531404,23475686.0,6.078
Brazil,BRA,2014,2456043766032.38,12274.9941630213,6.32904015516139,200085127.0,6.755
Canada,CAN,2014,1805749878439.94,50960.8431174661,1.90663590717861,35434066.0,7.023
China,CHN,2014,10674533168257.4,7781.06597484974,1.92164162788521,1371860000.0,4.63
France,FRA,2014,2861236112552.42,43148.0459288416,0.50775882293799,66312067.0,10.273
Germany,DEU,2014,3964870735760.77,48959.5991203133,0.906794000434246,80982500.0,4.979
India,IND,2014,2039126479154.52,1553.88396075118,6.66565671867899,1312277191.0,7.656
Indonesia,IDN,2014,890814755533.537,3441.06808464008,6.39492882396559,258877399.0,4.049
Italy,ITA,2014,2173255507985.84,36028.3494022349,0.241047429826756,60320707.0,12.683
Japan,JPN,2014,4896994405353.29,38475.3952461838,2.75922671353253,127276000.0,3.589
"Korea, Rep.",KOR,2014,1556252422020.44,30667.0912467447,1.27477446401322,50746659.0,3.082
Mexico,MEX,2014,1364507717614.13,11391.3773497683,4.01861608078679,119784261.0,4.819
Russian Federation,RUS,2014,2059241589895.01,14055.47265625,7.82016970013845,144237223.0,5.212
Saudi Arabia,SAU,2014,787153066666.667,27805.4850319422,2.24185348779063,28309273.0,5.877
South Africa,ZAF,2014,381198869776.106,6856.73137092522,6.13282953059149,55594838.0,24.89
Turkiye,TUR,2014,942343431928.654,12209.3862327674,8.85457271364324,77181884.0,9.901
United Kingdom,GBR,2014,3085362169410.29,47746.2421759562,1.45112016293279,64620000.0,6.398
United States,USA,2014,17550680174000.0,54973.4207515712,1.62222297740817,319257560.0,6.168
Argentina,ARG,2015,594749285413.212,13679.6264980954,,43477012.0,7.577
Australia,AUS,2015,1356805839935.9,56970.3613028094,1.50836672165921,23815995.0,6.055
Brazil,BRA,2015,1802211999456.42,8936.1955889444,9.02990102416136,201675532.0,8.538
Canada,CAN,2015,1556508816217.14,43594.1941045394,1.12524136094277,35704498.0,6.945
China,CHN,2015,11280814787468.9,8175.33285077393,1.43702380935655,1379860000.0,4.65
France,FRA,2015,2442483452642.5,36702.4323733379,0.0375143805125182,66548272.0,10.354
Germany,DEU,2015,3425099578746.09,41929.7549110722,0.514426137125456,81686611.0,4.612
India,IND,2015,2103588360044.94,1583.99815907985,4.90697344127256,1328024498.0,7.629
Indonesia,IDN,2015,860854232686.214,3288.22269725538,6.36312061196646,261799249.0,4.514
Italy,ITA,2015,1845428048839.1,30639.8829751432,0.0387903996579733,60229605.0,11.896
Japan,JPN,2015,4444930651964.18,34960.6393843385,0.795279630579839,127141000.0,3.385
"Korea, Rep.",KOR,2015,1539212301135.55,30171.7906545222,0.70633177245575,51014947.0,3.546
Mexico,MEX,2015,1213294467716.88,10021.2386118827,2.72064064964023,121072306.0,4.311
Russian Federation,RUS,2015,1363482182197.71,9277.7138671875,15.5343959935701,144640716.0,5.615
Saudi Arabia,SAU,2015,693414400000.0,23256.1549553531,1.22269318552337,29816382.0,5.6
South Africa,ZAF,2015,346709790458.563,6112.27382485974,4.51869094892506,56723537.0,25.149
Turkiye,TUR,2015,865460050683.656,11064.6494504662,7.67085364845877,78218479.0,10.304
United Kingdom,GBR,2015,2945579890258.46,45255.3449216209,0.36804684232536,65088000.0,5.552
United States,USA,2015,18206020741000.0,56572.9188996063,0.118627135552451,321815121.0,5.28
Argentina,ARG,2016,557532320662.955,12699.9623137756,,43900313.0,8.088
Australia,AUS,2016,1211588128417.61,50084.4440606385,1.27699094497324,24190907.0,5.711
Brazil,BRA,2016,1795693265999.04,8836.28546025694,8.73914352329393,203218114.0,11.58
Canada,CAN,2016,1527994741907.43,42314.0615817218,1.42875954701085,36110803.0,7.038
China,CHN,2016,11456024084962.0,8254.86859320357,2.00000182191943,1387790000.0,4.56
France,FRA,2016,2470407619777.13,37024.2157133669,0.18333486112386,66724104.0,10.057
Germany,DEU,2016,3536787895179.0,42948.9381932694,0.491747008445174,82348669.0,4.104
India,IND,2016,2294796885663.16,1707.50892912243,4.94821634062141,1343944296.0,7.611
Indonesia,IDN,2016,931877364037.698,3521.46943457574,3.52580452815451,264627418.0,4.301
Italy,ITA,2016,1887111188176.93,31391.5692898108,-0.09401665691575,60115223.0,11.688
Japan,JPN,2016,5003677627544.24,39375.4731620781,-0.127258844489754,127076000.0,3.132
"Korea, Rep.",KOR,2016,1579150518945.44,30832.0628072516,0.971685739912168,51217803.0,3.65
Mexico,MEX,2016,1112233497452.7,9097.92397674769,2.8217078474766,122251351.0,3.853
Russian Federation,RUS,2016,1276786350881.14,8663.158203125,7.04243725413707,145015460.0,5.591
Saudi Arabia,SAU,2016,689279466666.667,22267.7217050387,2.05347076823965,30954198.0,5.6
South Africa,ZAF,2016,323585509674.481,5651.20585165749,6.60290842394872,57259551.0,26.536
Turkiye,TUR,2016,870818016909.84,10984.3643169061,7.7751341532833,79277962.0,10.899
United Kingdom,GBR,2016,2706807606538.73,41257.9085545556,1.0084173681141,65607000.0,4.909
United States,USA,2016,18695110842000.0,57638.1018367192,1.26158320570536,324353340.0,4.869
Argentina,ARG,2017,643628393281.364,14532.5009308511,,44288894.0,8.347
Australia,AUS,2017,1330890554614.09,54117.547718609,1.94864740944527,24592588.0,5.592
Brazil,BRA,2017,2063514688805.78,10080.5078722821,3.44637335032669,204703445.0,12.792
Canada,CAN,2017,1649265644244.09,45129.628116623,1.59688412852977,36545075.0,6.426
China,CHN,2017,12537559062282.9,8979.67652709856,1.59313600071436,1396215000.0,4.47
France,FRA,2017,2588868323334.71,38687.1626407164,1.03228275064662,66918020.0,9.409
Germany,DEU,2017,3765351626105.89,45553.9341495339,1.50949485109628,82657002.0,3.781
India,IND,2017,2651474262755.45,1950.10468280866,3.32817337461298,1359657400.0,7.626
Indonesia,IDN,2017,1015618744159.73,3798.88326174526,3.80879857691949,267346658.0,3.783
Italy,ITA,2017,1970720904584.71,32844.115660604,1.22653316645812,60002252.0,11.211
Japan,JPN,2017,4930837369151.42,38834.0529341227,0.484199796126385,126972000.0,2.822
"Korea, Rep.",KOR,2017,1710196756713.17,33296.9845439195,1.94433230786366,51361911.0,3.653
Mexico,MEX,2017,1190721475906.0,9649.27816772402,6.04145724018986,123400057.0,3.419
Russian Federation,RUS,2017,1574199360089.0,10658.9130859375,3.68333072334495,145293260.0,5.238
Saudi Arabia,SAU,2017,741266133333.333,23929.2907135982,-0.834845735027246,30977355.0,5.89
South Africa,ZAF,2017,381448814653.456,6618.33508255701,5.18618655524149,57635162.0,27.035
Turkiye,TUR,2017,863874522365.276,10756.3877677883,11.1443110840765,80312698.0,10.919
United Kingdom,GBR,2017,2699118387873.1,40916.8115070354,2.55775577557747,65966000.0,4.501
United States,USA,2017,19477336549000.0,59635.0984397965,2.13011000365961,326608609.0,4.355
Argentina,ARG,2018,524819892360.176,11752.7998922979,34.2772237131003,44654882.0,9.22
Australia,AUS,2018,1433144978761.67,57410.1737346009,1.91140094445691,24963258.0,5.345
Brazil,BRA,2018,1916933708352.71,9300.66072904004,3.66485028376729,206107261.0,12.329
Canada,CAN,2018,1725329192783.02,46539.1761570405,2.26822567248103,37072620.0,5.837
China,CHN,2018,14147765772963.8,10085.6638148819,2.07479039965576,1402760000.0,4.31
France,FRA,2018,2781576320884.39,41418.1766484844,1.85081508315502,67158348.0,9.018
Germany,DEU,2018,4055433215301.96,48916.1686612154,1.73216879766942,82905782.0,3.384
India,IND,2018,2702929641648.74,1966.25455171679,3.9388264669163,1374659064.0,7.652
Indonesia,IDN,2018,1042271532988.63,3860.95353090726,3.19834755924996,269951846.0,4.387
Italy,ITA,2018,2099435266458.67,34904.1081923834,1.13748763600391,60148658.0,10.538
Japan,JPN,2018,5040880939324.86,39751.1330982711,0.989094598021848,126811000.0,2.467
"Korea, Rep.",KOR,2018,1824251454306.83,35363.9508228687,1.47583935002645,51585058.0,3.824
Mexico,MEX,2018,1256300182879.73,10084.7937562021,4.89935015356551,124573711.0,3.275
Russian Federation,RUS,2018,1657328773461.31,11211.8876953125,2.87831382614981,145398106.0,4.871
Saudi Arabia,SAU,2018,886564800000.0,29360.0658968566,2.46594308994843,30196281.0,6.029
South Africa,ZAF,2018,405260723892.517,6914.1780318076,4.50987264867388,58613001.0,26.906
Turkiye,TUR,2018,788356985773.667,9684.11819884721,16.3324638988928,81407204.0,10.956
United Kingdom,GBR,2018,2897028009916.05,43702.9976303165,2.29283990345938,66289000.0,4.145
United States,USA,2018,20533057312000.0,62499.8744390068,2.44258329692817,328529577.0,3.896
Argentina,ARG,2019,447754683615.225,9955.97478680428,53.5483043492339,44973465.0,9.843
Australia,AUS,2019,1398349602956.35,55194.7585097428,1.61076787290379,25334826.0,5.143
Brazil,BRA,2019,1873288158838.63,9029.83304401079,3.73297621216894,207455459.0,11.936
Canada,CAN,2019,1743725183672.52,46352.8693445211,1.94926902411593,37618495.0,5.69
China,CHN,2019,14560167101283.4,10342.9009524335,2.89923416358227,1407745000.0,4.56
France,FRA,2019,2722793515171.76,40408.2848574751,1.10825492288294,67382061.0,8.415
Germany,DEU,2019,3959894794039.21,47656.199739747,1.44565976888253,83092962.0,3.163
India,IND,2019,2835606256558.19,2041.42863698585,3.72950573539129,1389030312.0,6.51
Indonesia,IDN,2019,1119099871350.2,4106.94856160358,3.03058460941661,272489381.0,3.59
Italy,ITA,2019,2019606796583.53,33812.788724868,0.611246943765304,59729081.0,9.884
Japan,JPN,2019,5117993853016.51,40415.9567649547,0.46877615938395,126633000.0,2.351
"Korea, Rep.",KOR,2019,1751045752054.63,33826.9443301597,0.383000303608136,51764822.0,3.746
Mexico,MEX,2019,1304106203902.45,10369.5553585271,3.63596142127046,125762982.0,3.477
Russian Federation,RUS,2019,1693115002708.32,11447.701171875,4.47202631837903,145453291.0,4.513
Saudi Arabia,SAU,2019,888890133333.333,29566.7933827436,-1.1929864453332,30063799.0,5.636
South Africa,ZAF,2019,389330032224.269,6533.71121032856,4.10285075461156,59587885.0,28.468
Turkiye,TUR,2019,775853144222.613,9395.23378001368,15.1768215720022,82579440.0,13.73
United Kingdom,GBR,2019,2875710080015.3,43158.7411267323,1.73810460086513,66631000.0,3.657
United States,USA,2019,21380976119000.0,64746.4506778863,1.81221007526021,330226227.0,3.669
Argentina,ARG,2020,385740508436.965,8535.59938004389,42.0150947376509,45191965.0,11.461
Australia,AUS,2020,1333336461648.09,51983.4523666382,0.846905537459305,25649248.0,6.394
Brazil,BRA,2020,1476107292151.95,7074.19407495707,3.21176803803376,208660842.0,13.697
Canada,CAN,2020,1655684730000.19,43537.839298904,0.716999632307827,38028638.0,9.657
China,CHN,2020,14996414166715.1,10627.4637989619,2.41942189457782,1411100000.0,5.0
France,FRA,2020,2647926055110.05,39169.8606000707,0.476498852725066,67601110.0,8.009
Germany,DEU,2020,3941398957073.94,47394.8734504469,0.144877925813982,83160871.0,3.881
India,IND,2020,2674851578587.27,1907.04251637669,6.62343677628535,1402617695.0,7.859
Indonesia,IDN,2020,1059054842698.48,3853.70288774146,1.91983527270793,274814866.0,4.255
Italy,ITA,2020,1907481094079.23,32091.4866621366,-0.13770757391651,59438851.0,9.192
Japan,JPN,2020,5054068005376.28,40028.7341726762,-0.024995834027731,126261000.0,2.809
"Korea, Rep.",KOR,2020,1744070276373.34,33645.7719545073,0.537288023411737,51836239.0,3.931
Mexico,MEX,2020,1121064767308.42,8841.27075039868,3.39683415570006,126799054.0,4.44
Russian Federation,RUS,2020,1493075894362.14,10108.3271484375,3.38219796948068,145245148.0,5.62
Saudi Arabia,SAU,2020,767951200000.0,24338.8307301067,3.37234961012303,31552510.0,7.66
South Africa,ZAF,2020,337974655408.055,5580.60383075189,3.23238831615113,60562381.0,29.217
Turkiye,TUR,2020,733628247119.077,8798.11791709313,12.2789574462574,83384680.0,13.148
United Kingdom,GBR,2020,2724001478304.59,40812.6794663879,0.989486703772491,66744000.0,4.472
United States,USA,2020,21060473613000.0,63515.9491807833,1.23358439630629,331577720.0,8.055
Argentina,ARG,2021,486564085480.036,10738.0179223384,48.4093786255199,45312281.0,8.736
Australia,AUS,2021,1560617493202.69,60758.9044397144,2.86391042204994,25685412.0,5.022
Brazil,BRA,2021,1670647464062.96,7972.53696080695,8.30165975585673,209550294.0,13.158
Canada,CAN,2021,2022378748423.23,52886.6616372703,3.39519318527528,38239864.0,7.527
China,CHN,2021,18201698719564.0,12887.4357242941,0.981015135544882,1412360000.0,4.55
France,FRA,2021,2966433692008.09,43725.0999521245,1.64233141038385,67842811.0,7.871
Germany,DEU,2021,4355251953410.78,52349.2459994422,3.06666666666673,83196078.0,3.594
India,IND,2021,3167270623260.47,2239.61384367482,5.13140747176369,1414203896.0,6.38
Indonesia,IDN,2021,1186509691086.73,4287.17313995098,1.56007882983334,276758053.0,3.827
Italy,ITA,2021,2179207773596.09,36852.5425414951,1.87378325762481,59133173.0,9.497
Japan,JPN,2021,5039148168861.22,40094.5599795288,-0.233352779398264,125681593.0,2.808
"Korea, Rep.",KOR,2021,1942313560965.9,37518.4635305697,2.49833333333339,51769539.0,3.639
Mexico,MEX,2021,1316569466685.95,10314.0506722115,5.68920847683753,127648148.0,4.019
Russian Federation,RUS,2021,1829186719575.1,12425.029296875,6.69445891957612,144746762.0,4.749
Saudi Arabia,SAU,2021,982661066666.667,31920.7653655643,3.06328988941548,30784383.0,6.621
South Africa,ZAF,2021,419986284375.368,6828.75624590017,4.61874544887136,61502603.0,34.007
Turkiye,TUR,2021,839938668172.134,9981.76398411336,19.5964926913324,84147318.0,11.969
United Kingdom,GBR,2021,3194559188925.93,47691.3768799404,2.51837109614213,66984000.0,4.864
United States,USA,2021,23315080560000.0,70205.050916026,4.69785886363742,332099760.0,5.349
Argentina,ARG,2022,633993756301.08,13962.1894087223,72.430757531824,45407904.0,6.805
Australia,AUS,2022,1695627535475.8,65169.5191118657,6.59409671341846,26018721.0,3.728
Brazil,BRA,2022,1951923832083.87,9281.33282136864,9.28010608956873,210306415.0,9.231
Canada,CAN,2022,2190411080134.32,56256.8007264015,6.80280115341613,38935934.0,5.279
China,CHN,2022,18316765021690.2,12970.6056414327,1.97357555739051,1412175000.0,4.98
France,FRA,2022,2794788137066.94,40988.6396406579,5.22236748369735,68184457.0,7.303
Germany,DEU,2022,4201021706478.62,50506.5179638543,6.87257438551097,83177813.0,3.137
India,IND,2022,3346107287730.93,2347.44829434623,6.69903414079852,1425423212.0,4.822
Indonesia,IDN,2022,1319101183380.15,4730.83484836107,4.20946463714784,278830529.0,3.462
Italy,ITA,2022,2104067630319.46,35653.9042103495,8.20128991161718,59013667.0,8.069
Japan,JPN,2022,4262463317796.53,34065.6438962526,2.49770278172255,125124989.0,2.614
"Korea, Rep.",KOR,2022,1799363116866.52,34822.4048404971,5.08951365062842,51672569.0,2.857
Mexico,MEX,2022,1466934724293.06,11405.7940473759,7.8962761916855,128613117.0,3.256
Russian Federation,RUS,2022,2291612121334.64,15619.6142578125,13.7436797398232,144236933.0,3.867
Saudi Arabia,SAU,2022,1239075200000.0,38510.2276211037,2.47407371925372,32175224.0,5.589
South Africa,ZAF,2022,407596043067.885,6534.24867783397,7.03987272546482,62378410.0,33.268
Turkiye,TUR,2022,926097476913.818,10897.8397861365,72.3088359891207,84979913.0,10.465
United Kingdom,GBR,2022,3181244350465.41,47057.043229179,7.92204883147902,67604000.0,3.768
United States,USA,2022,25604848907611.0,76657.2488844403,8.00279982052121,334017321.0,3.65
Argentina,ARG,2023,649461687959.174,14261.8465667948,133.488935594175,45538401.0,6.139
Australia,AUS,2023,1734451264655.6,65058.3773146674,5.5970149253731,26659922.0,3.668
Brazil,BRA,2023,2191131869706.02,10377.5897719195,4.59356282283204,211140729.0,7.947
Canada,CAN,2023,2173339670064.33,54220.3285039875,3.87900159788426,40083484.0,5.415
China,CHN,2023,18270356654533.2,12951.1782397043,0.234836828893051,1410710000.0,4.67
France,FRA,2023,3056250648138.29,44700.1384177544,4.87835726508441,68372286.0,7.335
Germany,DEU,2023,4562207532490.28,54776.7668235491,5.94643667725823,83287273.0,3.071
India,IND,2023,3638489096033.86,2530.12031278204,5.64914318907925,1438069596.0,4.172
Indonesia,IDN,2023,1371169301563.62,4876.30774512252,3.66938654859761,281190067.0,3.308
Italy,ITA,2023,2316727999333.18,39277.0838783918,5.62219442195901,58984216.0,7.627
Japan,JPN,2023,4213167237905.83,33836.1756271617,3.26813365933163,124516650.0,2.6
"Korea, Rep.",KOR,2023,1844800934391.54,35674.095995632,3.5974562502901,51712619.0,2.675
Mexico,MEX,2023,1798317581486.88,13860.9597809326,5.52796087314389,129739759.0,2.765
Russian Federation,RUS,2023,2071505725030.58,14159.3876953125,5.86571931748967,143826130.0,3.076
Saudi Arabia,SAU,2023,1218584533333.33,36156.848337701,2.32708518362699,33702731.0,4.008
South Africa,ZAF,2023,381440724491.232,6034.27208964673,6.0752438457966,63212384.0,32.098
Turkiye,TUR,2023,1141242864657.45,13375.0947282864,53.8594087593315,85325965.0,9.388
United Kingdom,GBR,2023,3420796653789.08,49944.4702124201,6.79396706793963,68492000.0,4.025
United States,USA,2023,27292170793214.4,81032.262117545,4.11633838374488,336806231.0,3.638
Argentina,ARG,2024,638365455340.04,13969.7836603737,219.883929014578,45696159.0,7.15
Australia,AUS,2024,1757022451652.83,64603.9856308464,3.1616142830575,27196812.0,3.942
Brazil,BRA,2024,2185821648943.86,10310.5488778166,4.36746407652337,211998573.0,6.801
Canada,CAN,2024,2243636826633.76,54340.3477224733,2.38158383281173,41288599.0,6.351
China,CHN,2024,18743803170827.2,13303.1481543868,0.218128938439177,1408975000.0,4.59
France,FRA,2024,3160442622465.08,46103.0840855884,1.99904942291463,68551653.0,7.4
Germany,DEU,2024,4685592577804.69,56103.7323182554,2.2564981433876,83516593.0,3.4
India,IND,2024,3909891533858.08,2694.73780859961,4.95303550973656,1450935791.0,4.173
Indonesia,IDN,2024,1396300098190.97,4925.43048751861,2.18151273615189,283487931.0,3.301
Italy,ITA,2024,2380825077243.59,40385.3413957669,0.982373023061417,58952704.0,6.5
Japan,JPN,2024,4027597523550.58,32487.0778047567,2.73853681635241,123975371.0,2.5
"Korea, Rep.",KOR,2024,1875388209406.8,36238.639908315,2.32174328643542,51751065.0,2.784
Mexico,MEX,2024,1856365616165.94,14185.7812248529,4.72225588452932,130861007.0,2.678
Russian Federation,RUS,2024,2173835806671.66,14889.0185546875,8.43486410496723,143533851.0,2.43
Saudi Arabia,SAU,2024,1239804533333.33,35121.6628687742,1.68792112375809,35300280.0,3.518
South Africa,ZAF,2024,401144998373.585,6267.186814093,4.36115246518962,64007187.0,32.279
Turkiye,TUR,2024,1359123768774.12,15892.7157287241,58.5064507300343,85518661.0,8.8
United Kingdom,GBR,2024,3686033044482.13,53246.3676145108,3.2715729463592,69226000.0,4.361
United States,USA,2024,28750956130731.2,84534.0407841548,2.94952520485207,340110988.0,4.022
Argentina,ARG,2025,,,,,7.145
Australia,AUS,2025,,,,,4.09
Brazil,BRA,2025,,,,,5.97
Canada,CAN,2025,,,,,6.907
China,CHN,2025,,,,,4.615
France,FRA,2025,,,,,7.542
Germany,DEU,2025,,,,,3.711
India,IND,2025,,,,,4.219
Indonesia,IDN,2025,,,,,3.237
Italy,ITA,2025,,,,,6.391
Japan,JPN,2025,,,,,2.451
"Korea, Rep.",KOR,2025,,,,,2.683
Mexico,MEX,2025,,,,,2.673
Russian Federation,RUS,2025,,,,,2.133
Saudi Arabia,SAU,2025,,,,,3.038
South Africa,ZAF,2025,,,,,32.391
Turkiye,TUR,2025,,,,,8.52
United Kingdom,GBR,2025,,,,,4.746
United States,USA,2025,,,,,4.198
